GI,UniProt,Family,Species,MSA Index,Sector Positions,SecConn D/E Residues,Alignment Size,Effective Seq
238775,P30530,Axl,Homo sapiens,10,{'539+543+545+547+548+550+553+555+557+564+565+566+567+568+569+570+582+584+585+590+592+594+595+596+597+599+600+601+602+604+605+615+616+618+619+620+621+623+626+631+632+633+636+649+655+659+660+663+668+669+670+671+672+673+674+675+676+677+678+679+680+686+687+688+690+691+692+693+695+696+702+703+710+712+714+715+716+717+718+719+721+723+726+727+730+731+732+733+734+736+737+738+739+740+741+742+744+750+751+762+765+767+768+771+774+777+779+782+785+786+790+821'},{'544+760+528+578+690+701+723+580+773+776+787+558+591+581+792+546+559+593'},75,51.46666666666667
3114385,P11362,FGFR-I,Homo sapiens,108,{'478+484+485+487+489+490+492+493+495+511+512+513+514+523+528+530+531+541+543+544+547+549+551+552+560+561+562+563+566+567+569+573+608+610+611+614+615+619+620+621+622+623+625+626+628+629+630+631+632+638+639+641+642+643+645+646+656+657+666+667+669+670+671+680+681+682+683+684+685+686+687+688+689+691+692+693+722+723+733+736+737+738+744+745+747+756+757+758+759'},{'634+476+496+522+755+486+728+647+720+753+735+752+562+571+612+641+674+633+533+472'},216,134.0440476190476
6005814,Q15208,WARTS/LATS,Homo sapiens,179,{'89+95+96+98+100+101+102+103+105+115+116+118+120+122+137+138+141+146+147+148+150+152+156+157+162+163+166+167+168+171+172+175+177+184+186+191+192+194+199+202+203+204+208+209+210+211+212+213+214+215+216+217+219+221+224+227+228+230+231+232+236+237+275+277+278+288+290+291+292+298+302+303+304+306+307+308+309+311+313+314+315+316+334+338+355+356+357+360+364+367+368+369+376+377+379+380+381+382+400+401+404+412'},{'412+167+230+365+363+355+351+383+88+124+158+375+400+87+186+90+405+145+216+139+187+437+339+143+374'},261,169.37619047619046
14318618,Q96GX5,WARTS/LATS,Homo sapiens,199,{'35+41+42+44+46+47+48+49+51+52+59+60+61+62+64+66+74+77+81+82+85+90+91+92+93+94+96+98+100+101+102+106+107+110+111+112+115+116+117+118+119+121+122+128+130+135+136+138+140+143+146+147+148+152+154+155+156+157+158+159+160+161+163+165+168+169+171+172+174+175+176+419+420+650+652+653+743+744+745+746+747+748+754+758+759+760+762+763+765+766+767+769+770+771+772+774+776+777+781+789+790+807+808+810+812+816+820+823+824+825+832+834+835+853+854+857+865+869+870+873'},{'167+130+819+864+129+780+859+33+537+837+160+174+828+806+539+813+820+68+781+855+857+131+34+856'},208,143.5
4557511,O43293,MLCK/Twitchin,Homo sapiens,238,{'13+19+20+22+24+25+26+27+35+39+40+41+42+44+46+60+64+65+68+73+74+75+76+79+83+84+85+89+90+91+92+93+94+95+96+98+99+101+102+111+113+118+119+120+121+126+129+130+131+137+138+139+140+141+142+143+144+146+147+148+151+158+159+161+162+163+164+166+174+175+176+182+183+185+186+187+193+194+197+198+199+201+202+204+206+208+209+210+211+220+221+229+239+247+256+260+263+264+265+270+272+273+274+275+292+296'},{'17+94+238+60+250+62+192+293+237+125+59+10+197+88+224+11+7+18+70+271+149+173+259+38+14+161+220+235+81+239+100+115+114+143+246+103'},306,211.0
4758194,O94768,MLCK/Twitchin,Homo sapiens,240,{'39+40+42+44+45+46+47+50+52+59+60+61+62+64+76+80+84+90+91+96+100+101+106+107+108+110+111+113+115+116+119+121+122+130+132+137+138+140+145+148+149+150+156+157+158+159+160+161+162+163+165+166+167+170+176+177+179+180+181+182+183+184+192+193+194+195+200+201+203+204+205+211+215+216+217+219+220+222+224+226+227+228+229+238+239+247+257+265+270+274+278+281+282+283+288+290+291+292+293+317+321'},{'238+117+210+58+105+257+128+111+253+85+132+279+256+174+98+144+38+26+134+191+239+76+179+200+194+242+285+322+268'},271,183.76666666666668
14571717,Q32MK0,MLCK/Twitchin,Homo sapiens,249,{'515+521+522+524+526+527+528+529+532+534+537+538+541+542+543+544+548+556+560+561+564+569+570+571+572+575+579+580+585+586+589+590+594+595+597+598+600+601+608+610+615+616+617+618+620+623+624+626+627+628+633+634+635+636+637+638+639+640+641+642+643+644+645+648+653+654+656+657+658+659+661+669+670+671+672+677+678+680+681+682+688+689+692+693+694+696+697+699+701+703+704+705+706+715+716+724+734+742+751+755+758+759+760+764+765+767+768+769+770+796+800+808'},{'719+514+730+656+640+745+596+555+715+667+593+741+603+717+599+754+768+519+556+506+737+734+489+687+622+553+742'},291,193.80238095238096
973307,Q13164,ERK-I,Homo sapiens,392,{'55+62+64+65+66+67+69+70+72+82+83+84+85+86+101+102+103+106+111+112+113+115+134+136+137+138+139+140+143+144+145+148+154+156+162+165+167+169+170+172+174+175+178+180+181+182+183+184+185+186+187+188+189+191+196+197+198+199+200+201+202+203+204+205+219+221+222+223+224+225+226+227+228+229+230+231+234+239+242+244+246+247+249+250+251+252+254+255+256+258+260+270+322+323+327+328+331+332+334+335+337+341+342+344+345+346'},{'53+238+157+112+50+358+141+192+195+317+331+59+56+220+748+54+746'},132,83.77142857142857
1170703,P31751,PKC/PKA,Homo sapiens,564,{'152+158+159+161+163+164+166+169+178+179+180+181+185+196+197+199+200+201+205+209+210+211+212+215+218+219+221+225+226+228+229+230+232+234+235+236+238+239+241+247+250+252+254+255+256+258+262+263+265+266+267+271+272+273+274+275+276+277+278+279+280+281+282+284+290+293+294+295+297+298+310+311+312+313+314+318+319+320+321+327+332+333+334+335+337+420+427+437'},{'230+151+250+244+286+293+236+193+315+223+324+270+416+264+186+279+323+249+153+299+326'},214,136.45917415917415
1730070,P51812,PKC/PKA,Homo sapiens,569,{'68+74+75+77+79+80+81+82+97+98+99+100+104+118+127+128+129+130+131+133+137+138+143+144+146+147+148+149+152+153+155+156+158+159+165+167+171+173+175+177+180+181+183+184+185+189+190+191+192+193+194+195+196+197+198+199+200+201+202+205+206+208+209+211+212+213+214+216+225+227+228+234+235+236+237+238+239+245+249+250+251+252+253+255+256+257+259+260+261+262+264+280+288+295+302+303+310+311+312+324+326+327+342+343+346'},{'211+204+320+167+368+154+233+217+182+140+64+168+203+294+197+69+120'},396,243.38095238095235
401772,Q15349,PKC/PKA,Homo sapiens,591,{'59+65+66+68+70+71+72+73+88+89+90+91+93+95+109+110+113+118+119+120+122+124+128+129+134+135+137+138+139+140+143+144+146+147+149+150+156+158+162+163+164+166+168+171+172+174+175+176+181+182+183+184+185+186+187+188+189+191+192+193+196+197+199+200+202+203+204+205+206+207+216+218+219+225+226+227+228+229+230+236+240+241+242+243+244+246+247+250+251+252+253+255+257+258+271+279+286+293+294+298+301+302+303+315+316+317+318+333+337'},{'208+311+60+111+159+224+115+158+194+173+188+195+145+202+285+131+55+359'},373,235.62857142857143
2822147,P05771,PKC/PKA,Homo sapiens,643,{'342+348+349+351+353+354+355+356+358+359+368+369+370+371+373+375+378+383+386+387+390+391+394+400+401+402+404+406+408+410+411+412+416+417+418+419+420+421+422+425+426+427+428+429+431+432+438+440+444+445+446+448+453+456+457+458+462+463+464+465+466+467+468+469+470+471+473+474+475+478+479+481+482+483+484+485+486+487+488+489+498+500+501+507+508+509+510+511+518+522+523+524+525+526+527+528+529+530+532+533+534+535+537+539+540+552+553+561+565+568+571+575+576+580+583+584+585+594+597+599+600+615+619'},{'385+490+381+640+366+383+382+596+555+470+548+591+341+593+440+609+477+281+414+427+567+506+484+542'},285,180.64007936507937
3411157,O75582,PKC/PKA,Homo sapiens,656,{'49+55+56+58+60+61+62+63+65+78+79+81+83+101+105+109+111+112+113+117+121+122+130+131+132+133+136+137+139+140+142+143+149+151+154+155+156+157+159+164+165+167+168+169+174+175+176+177+179+180+181+182+183+184+185+186+189+191+192+193+195+196+197+198+200+210+211+218+219+221+222+223+237+238+239+240+242+243+244+246+247+248+249+260+261+271+285+293+294+298+301+302+303+312+315+316+317'},{'208+151+47+50+311+260+201+342+132+233+177+297+181+147+310+314+106+258+195+266+288'},547,359.7952380952381
4506735,O75676,PKC/PKA,Homo sapiens,675,{'33+39+40+42+44+45+46+47+49+62+63+65+69+85+89+95+96+97+101+105+106+107+111+115+116+120+121+123+124+133+135+138+139+140+141+142+143+145+148+149+151+152+153+158+159+160+161+162+163+164+165+166+167+168+169+170+173+175+176+177+179+180+181+182+184+194+202+203+205+206+207+220+221+222+223+225+226+227+229+230+231+232+243+244+254+262+268+276+277+281+284+285+286+295+298+299+300'},{'108+135+179+723+13+271+172+241+165+294+243+161+116+31+280+185+34+90'},513,335.0880952380952
4826948,P51817,PKC/PKA,Homo sapiens,679,{'49+55+56+58+60+61+62+63+65+66+75+76+77+78+80+82+93+97+98+101+106+107+108+109+110+112+116+117+122+123+124+125+126+127+128+131+132+133+134+135+137+138+144+146+150+151+152+154+159+162+163+164+169+170+171+172+173+174+175+176+177+179+180+181+184+185+187+188+190+191+192+193+194+195+201+203+204+210+212+213+214+221+225+226+227+228+229+230+231+232+233+235+236+237+238+240+242+243+255+256+264+268+271+274+278+279+283+286+287+288+297+300+301+302+303+319+322'},{'91+167+176+190+282+50+338+133+183+262+127+209+273+327+161+118+48+296+246+268+103+84'},304,191.90595238095239
5453974,Q16513,PKC/PKA,Homo sapiens,685,{'657+663+664+666+668+669+670+671+674+683+684+685+686+688+690+701+705+706+709+717+718+719+721+723+727+728+729+733+734+735+736+737+738+739+742+743+744+745+746+748+749+754+756+760+761+762+764+769+770+772+773+774+779+780+781+782+783+784+785+786+787+789+790+791+794+795+797+798+799+800+801+802+803+804+805+814+816+817+823+824+825+826+827+834+838+839+840+841+842+843+844+845+846+848+849+850+851+853+855+856+868+869+877+881+883+884+887+891+892+896+899+900+901+913+915+916+931+935'},{'710+793+864+978+656+700+786+872+909+854+731+831+775+976+867+800+692+744+752+681+822+806+756+738+883+953+897'},309,198.21349206349208
5453976,Q04759,PKC/PKA,Homo sapiens,686,{'380+386+387+389+391+392+393+394+396+397+406+407+408+409+411+413+424+428+429+432+438+439+440+441+442+444+446+448+449+450+454+455+457+458+459+460+463+464+466+467+469+470+476+478+483+484+491+492+494+495+496+500+501+502+503+504+505+506+507+509+511+512+513+516+517+519+520+522+523+524+525+526+527+536+538+539+545+547+548+549+556+560+561+562+563+564+566+567+568+570+571+572+573+575+577+578+591+599+603+606+613+614+618+621+623+628+631+632+633+634+649'},{'423+508+605+671+522+617+627+603+636+528+515+477+452+608+648+437+378+619+465+379+643'},354,223.26507936507937
6467562,Q9UK32,PKC/PKA,Homo sapiens,702,{'73+79+80+82+84+85+86+87+89+90+102+103+104+105+107+109+119+123+124+127+132+133+134+135+136+138+140+142+143+144+148+149+150+151+152+153+154+157+158+160+161+163+164+170+172+177+178+185+186+188+189+190+195+196+197+198+199+200+201+202+203+204+205+206+207+210+211+213+214+216+217+218+219+221+230+232+233+239+241+242+243+250+254+255+256+257+258+260+261+262+264+265+266+267+269+271+284+285+293+300+307+308+312+315+316+317+324+327+328+329+330+345+349'},{'208+371+129+172+222+355+125+202+69+74+159+280+323+173+145+216+299+319+322'},339,213.4551587301587
6470350,Q9HBY8,PKC/PKA,Homo sapiens,703,{'35+41+42+43+44+46+47+48+49+51+52+53+61+62+63+64+66+68+79+80+83+84+87+93+94+95+97+99+101+103+104+105+109+110+111+112+113+114+115+118+119+120+121+122+124+125+131+133+136+138+139+141+146+147+149+150+151+155+156+157+158+159+160+161+162+163+164+166+167+168+171+172+174+175+176+177+178+179+180+181+182+191+193+194+199+200+202+203+204+211+215+216+217+218+219+220+221+222+223+225+226+227+228+230+232+233+239+245+246+254+258+260+261+263+264+265+273+276+277+278+286+287+289+291+292+307+308'},{'238+244+183+263+36+199+120+128+107+209+329+212+57+177+163+76+114+272+285+34'},277,172.80119047619047
15929013,Q15418,PKC/PKA,Homo sapiens,735,{'62+68+69+71+73+74+75+76+91+92+93+94+96+98+112+113+116+121+122+123+124+125+127+131+132+137+138+140+141+142+143+146+147+149+150+152+153+159+161+165+166+167+169+171+174+175+177+178+179+183+184+185+186+187+188+189+190+192+194+195+196+199+200+202+203+205+206+207+208+209+210+219+221+222+228+229+230+231+232+233+239+243+244+245+246+247+249+250+251+253+254+255+256+258+261+274+282+289+296+297+304+305+306+318+319+320+321+336+337+340'},{'211+288+176+142+118+197+314+362+198+63+114+58+227+347+191+134+162+148'},369,232.925
4503427,Q92630,Yak/Yrk,Homo sapiens,798,{'222+229+231+233+234+236+239+248+249+251+266+281+282+283+284+287+289+298+300+301+302+304+306+307+322+331+333+336+338+340+345+346+347+348+349+350+351+353+355+364+365+368+369+370+371+382+383+384+385+386+387+388+389+390+391+392+399+403+404+406+407+409+410+411+413+414+415+418+422+423+424+510+511+515+516+520+530+532+533+534'},{'279+368+425+426+302+375+352+517+289+271+519+310+510'},352,227.9333333333333
16553058,Q8NE63,Yak/Yrk,Homo sapiens,814,{'11+18+20+21+22+23+24+25+28+37+38+39+40+44+46+51+54+55+65+69+71+73+77+79+84+86+88+90+91+92+95+100+101+109+112+116+118+119+121+124+127+128+132+133+134+135+136+138+139+140+141+143+155+156+157+158+159+160+161+162+163+173+175+176+177+178+179+180+181+182+184+185+187+192+196+197+198+199+200+202+203+204+206+207+213+214+215+216+217+223+227+230+232+425+427+428+433+436+437+459+462+464'},{'93+129+140+69+35+158+7+431+173+102+81+498+436+427+24+45+229+66+430'},82,53.38333333333334
5031689,O94806,PKCmu,Homo sapiens,857,{'576+583+585+587+588+590+602+603+605+623+632+633+634+635+638+649+652+653+655+657+658+673+682+689+691+695+697+698+699+700+701+702+703+704+706+717+720+721+722+724+725+736+737+738+739+740+741+742+743+744+745+746+753+758+760+761+763+764+765+767+768+769+776+808+812+813+816+817+827+829+830'},{'601+653+807+673+720+824+850+661+778+639+804'},457,290.06666666666666
5326766,Q9Y6E0,GC Kinase,Homo sapiens,888,{'36+43+45+47+48+50+62+63+65+81+82+86+91+92+93+95+99+111+112+113+114+116+117+139+143+144+146+147+148+154+155+156+157+158+159+160+161+163+171+173+174+175+176+192+193+194+195+197+198+199+200+201+202+208+213+215+216+218+219+220+223+227+266+267+271+283+284'},{'77+49+228+261+33+75+209+169+270+264+156+90+279+174+145+121+78+150+166+34'},597,378.54999999999995
6005810,Q92918,GC Kinase,Homo sapiens,891,{'17+24+26+28+29+31+32+43+44+46+61+62+63+71+73+75+77+79+88+90+91+92+93+94+96+97+111+114+120+122+124+125+127+128+129+135+136+137+138+139+140+141+142+144+152+153+155+156+157+159+171+172+173+174+175+176+177+178+179+180+181+182+192+197+198+199+200+202+204+207+208+250+254+255+259+269+271+272'},{'41+111+150+210+194+36+30+15+18+137+155+147'},411,261.6357142857143
6624079,Q8IVH8,GC Kinase,Homo sapiens,897,{'16+23+25+27+28+30+31+42+43+45+60+61+65+70+71+72+76+78+87+90+91+92+93+95+96+110+119+121+123+124+126+127+128+133+134+135+136+138+139+140+141+143+144+150+151+154+155+156+170+171+172+173+174+175+176+177+178+179+180+181+191+196+197+198+199+201+202+203+205+206+249+253+254+258+268+270'},{'17+91+110+209+67+154+100+265+14+40+29'},432,274.3095238095238
3075509,Q9NYY3,Polo,Homo sapiens,1159,{'82+88+89+91+93+94+95+96+108+109+110+111+113+115+126+130+131+134+139+140+141+143+145+149+150+151+155+156+159+160+161+164+165+166+167+168+170+171+177+179+182+183+184+185+187+192+193+195+196+197+202+203+204+205+206+207+208+209+210+212+213+214+217+218+220+221+223+224+225+226+227+228+237+239+240+245+246+248+249+250+256+260+261+262+264+265+266+267+268+269+270+271+272+273+274+276+278+279+291+292+300+304+306+307+310+315+319+322+323+324+328+331+332+333+334+356+360'},{'151+125+320+287+128+327+231+332+223+260+294+321+341+132+160+198+281+215+153+461+179+326+200+150+218'},264,172.00952380952384
10636488,Q9H4B4,Polo,Homo sapiens,1168,{'62+68+69+71+73+74+75+76+88+89+90+91+93+95+106+110+111+114+119+120+121+122+125+127+129+130+135+136+138+139+140+141+144+145+146+147+148+150+151+157+159+163+164+165+169+172+173+175+176+177+181+182+183+184+185+186+187+188+189+190+192+193+194+197+198+200+201+203+204+205+206+207+208+217+219+220+226+227+228+229+230+236+240+241+242+244+245+247+248+249+251+252+253+254+256+258+259+272+280+284+287+289+294+295+299+302+304+311+312+313+314+336+337+340'},{'130+112+133+105+140+312+570+261+211+159+321+203+240+306+301+78+195+116+131'},307,199.03015873015875
306479,Q16566,CaMK-III,Homo sapiens,1182,{'46+53+55+57+58+60+72+73+74+75+88+89+90+93+98+99+100+101+102+104+106+115+117+118+119+120+121+123+124+138+146+147+149+152+154+155+156+160+162+163+164+166+167+168+169+171+182+185+186+187+200+201+202+203+204+205+206+207+208+209+210+211+218+223+225+226+228+229+230+232+233+237+241+242+275+276+280+281+284+285+295+297+298+299'},{'244+47+140+125+157+221+89+51+119+168+164+185+239+275+106+150+258+143+284+44'},469,297.0333333333333
4426595,Q13557,CaMK-III,Homo sapiens,1193,{'14+21+23+25+26+28+30+40+41+43+47+61+64+68+70+72+73+74+87+89+90+91+95+96+97+98+99+100+102+110+119+124+126+127+128+131+134+135+136+137+138+139+140+141+143+154+157+158+159+173+175+176+177+178+180+182+183+184+185+195+196+198+199+201+202+203+208+210+213+214+238+242+245+246+248+257+258+260+262+267+269+270+271'},{'91+112+244+140+237+59+189+97+157+13+265+19+18+39+122+12+163+247+239+101+100'},119,89.26666666666667
9965398,Q9HAZ1,LAMMER,Homo sapiens,1237,{'159+166+168+169+170+171+173+174+175+176+186+187+189+191+213+219+220+221+222+225+228+229+235+236+238+239+240+241+244+245+246+260+264+266+267+268+273+274+276+277+278+284+285+286+287+288+289+290+291+293+298+319+320+323+324+325+336+338+340+343+344+345+346+347+349+351+354+359+361+362+364+365+366+368+369+370+376+377+392+395+398+399+450+451+455+456+460+463+464+465+469+472+473+474'},{'175+167+230+457+252+476+390+261+468+209+450+444+290+240+318+467+160+227+323+446+163+153+298'},424,266.55952380952385
13543919,P49761,LAMMER,Homo sapiens,1239,{'304+310+311+313+315+316+317+318+319+321+323+331+332+334+358+364+365+366+367+368+370+371+373+374+380+384+385+386+389+390+391+392+394+405+409+411+412+413+415+418+419+421+422+423+429+430+431+432+433+434+435+436+438+439+441+443+464+465+466+468+469+470+471+481+483+484+485+488+489+490+491+492+494+496+499+504+506+507+509+510+511+512+513+514+515+521+522+523+537+539+540+544+546+596+597+600+601+604+605+608+610+614+615+617+618+619+620'},{'595+385+305+496+320+312+468+604+627+613+443+397+535+602+362+358+372+424+298+589'},253,163.10000000000002
125536,P15735,PhB,Homo sapiens,1250,{'24+31+33+35+36+38+50+51+53+76+77+87+89+90+91+93+104+107+108+110+112+113+127+136+138+140+143+144+145+149+151+152+153+154+155+156+158+159+160+168+171+172+173+175+187+188+189+190+191+192+193+194+195+196+197+210+215+217+218+220+221+222+224+225+233+234+235+264+266+267+271+272+276+286+288+289'},{'95+129+292+213+49+108+157+56+162+186+277+171+139+163+283+275+25+114+72+266'},439,280.8833333333333
5453882,Q16816,PhB,Homo sapiens,1257,{'20+27+29+31+32+34+37+46+47+49+73+74+75+84+85+86+87+90+101+104+105+107+109+110+124+133+137+138+140+141+142+146+148+149+150+151+152+153+154+155+157+164+165+166+168+169+170+172+184+186+187+188+189+190+191+192+193+194+195+196+207+212+214+215+217+218+219+221+222+223+226+230+231+261+263+264+267+268+269+272+273+283+285+286+287'},{'126+210+105+183+21+263+197+69+111+159+124+18+280+154+259+168+281+76+52+45+136'},414,265.3666666666667
565280,P53667,Lim,Homo sapiens,1272,{'339+346+348+350+351+353+366+368+384+388+393+395+397+399+401+403+410+413+414+416+419+443+447+448+450+451+452+456+457+458+459+460+461+462+463+464+465+467+474+475+478+479+480+511+512+515+516+517+518+519+520+526+530+531+532+533+534+536+537+538+541+549+572+586+600'},{'601+527+528+338+369+478+588+558+392+551'},289,183.0333333333333
2078471,P53671,Lim,Homo sapiens,1279,{'337+338+340+342+343+345+358+360+376+380+385+387+388+389+391+393+395+405+406+408+411+434+438+439+442+443+447+448+449+450+451+452+453+454+455+456+458+465+466+469+470+471+508+509+512+513+514+515+516+517+523+527+528+529+530+531+533+535+537+538+546+569+583+584+597'},{'571+469+384+555+599+525+598+406+546+548+361+409+335'},294,185.39999999999998
15207801,Q96S53,Lim,Homo sapiens,1293,{'64+65+67+69+70+72+85+86+87+98+101+110+111+112+113+114+116+118+120+127+130+131+133+136+150+156+159+163+164+166+167+168+173+174+175+176+177+178+179+180+181+183+184+193+194+195+197+198+199+200+202+217+218+219+220+222+223+224+225+226+227+228+233+237+238+239+240+241+242+243+247+248+256+277+280+288+291+292+305'},{'279+230+231+417+62+258+139+235+197+131+304+71'},222,140.76666666666665
6850973,P57058,KIN1/SNF1/Nim1,Homo sapiens,1415,{'61+68+69+71+73+74+76+77+78+79+81+84+87+88+89+91+92+95+120+121+122+123+124+126+127+128+129+130+132+136+137+140+141+143+145+146+148+149+150+151+152+156+160+162+163+164+166+167+168+170+171+174+176+177+178+181+183+184+185+186+187+188+189+190+191+192+193+195+200+201+203+204+205+206+207+208+209+214+220+221+222+224+225+226+227+229+230+231+232+233+234+235+237+240+241+242+244+245+247+248+249+250+251+253+254+256+257+258+259+260+261+262+263+264+265+273+277+278+281+286+288+289+290+293+296+297+300+301+303+304+305+308+310+313+314+317+319+320'},{'94+204+279+196+154+159+133+304+281+218+197+131+322+266+70'},149,99.16350316350318
15430703,Q96PF2,KIN1/SNF1/Nim1,Homo sapiens,1443,{'12+17+18+19+21+23+24+25+26+27+28+29+31+34+35+37+38+39+40+41+42+43+45+68+69+70+71+72+73+75+76+77+78+79+81+86+87+90+91+92+95+96+98+99+100+101+102+106+110+112+114+116+117+118+120+121+122+123+124+126+127+128+131+133+134+135+136+137+138+139+140+141+142+143+145+150+151+152+153+154+155+156+157+158+159+164+172+173+174+176+177+178+180+181+182+183+184+185+186+187+189+192+193+194+195+197+198+199+200+201+202+203+204+205+206+207+209+210+211+212+214+215+216+217+218+225+229+230+238+240+241+242+245+248+249+252+253+255+257+260+262+265+266+269+271+272'},{'334+77+230+328+244+217+129+140+97+111+32+80+265+264+256+154+83+164+220+234+247+147+100+218+131'},146,91.46350316350316
1817734,P10721,PDGFR,Homo sapiens,1597,{'589+595+596+598+600+601+603+606+620+621+622+623+624+625+637+638+640+644+648+650+652+653+654+655+656+658+659+660+661+670+671+672+673+676+678+681+682+774+775+776+777+779+780+782+783+784+788+789+790+791+792+793+794+795+796+797+799+807+808+809+810+811+812+813+815+829+830+832+835+836+838+839+841+842+846+850+851+853+854+856+857+859+860+861+862+863+869+870+879+889+892+903+906+907+911+914+915+916+917+927'},{'849+760+554+723+901+635+816+605+583+898+876+893+925+908+910'},117,71.69999999999999
231726,Q00526,CDK,Homo sapiens,1652,{'4+11+13+14+16+18+19+21+31+33+48+51+52+55+60+62+66+68+80+81+83+85+110+117+118+119+125+126+127+128+129+130+132+133+134+135+142+145+146+147+148+165+166+171+172+185+186+187+190+195+240+264'},{'208+51+127+57+12+8+68+145+235+2+261+81'},697,447.08376623376626
266425,Q00536,CDK,Homo sapiens,1654,{'130+172+174+176+177+179+182+192+194+208+210+211+220+222+226+230+237+238+240+241+243+246+271+273+277+278+284+285+286+288+289+291+292+293+294+301+304+305+306+324+326+327+330+331+344+346+347+349+350+354+379+434+443+444'},{'132+128+439+421+244+286+173+195+458+418+304'},445,271.6345238095238
15079361,Q07002,CDK,Homo sapiens,1858,{'144+151+153+154+155+158+159+170+171+173+195+199+203+207+208+215+218+219+220+225+226+229+247+248+253+256+257+261+263+264+265+266+267+268+270+272+280+281+283+284+285+286+287+300+301+302+305+306+308+309+310+311+312+314+317+318+323+325+326+328+329+330+331+333+334+339+340+341+343+349+353+358+360+365+366+400+401+405+406+410+413+414+422+423+424'},{'231+142+362+397+437+174+395+363+317+348+409+300+283+148+152'},258,160.6690476190476
1778153,P46734,MAPKK-I,Homo sapiens,1983,{'64+71+73+75+76+78+79+80+90+91+92+93+95+110+120+121+122+123+124+126+128+130+137+138+139+140+141+146+147+151+170+172+174+176+177+179+180+181+186+187+188+189+190+191+192+193+195+196+197+198+199+202+205+206+208+209+210+213+226+227+230+231+232+233+234+238+248+250+251+252+253+255+256+257+259+260+267+268+287+300+301+305+310+313+314+315+322+323'},{'208+190+60+135+217+62+69+312+148+178+224+201+321+318+300+269+297+119+144+110+239+63'},598,400.32619047619045
4506889,P45985,MAPKK-I,Homo sapiens,1991,{'102+109+111+113+114+116+117+118+128+129+130+131+148+152+156+158+159+160+162+164+166+176+177+178+179+180+183+184+185+204+209+215+216+218+219+220+226+227+228+229+231+232+233+234+235+236+238+241+243+244+245+247+248+249+250+251+252+261+266+268+269+271+272+273+274+277+289+290+291+292+294+295+296+298+299+300+306+307+320+322+326+342+343+347+348+352+355+356+364+365+367'},{'360+371+351+148+107+157+276+221+324+203+186+256+247+104+101+100+150+229+285'},379,243.15595238095236
3915750,P37023,Activin/TGFb-II,Homo sapiens,2036,{'202+209+211+212+213+214+216+226+227+228+229+239+242+243+246+253+255+256+257+259+261+277+278+279+283+305+306+309+310+312+313+314+326+327+328+329+330+332+334+335+337+338+344+345+346+348+349+350+351+352+370+371+372+375+376+377+378+379+380+381+392+396+397+398+399+400+401+402+403+405+406+407+411+449+468+471+472+489+491'},{'244+391+420+224+470+419+348+254+235+281+215+236+383+382'},201,129.36666666666667
4505569,Q92772,KKIALRE,Homo sapiens,2095,{'4+11+13+15+16+18+30+31+32+33+50+51+52+54+60+61+62+63+64+68+70+77+80+81+82+83+85+86+100+109+111+113+114+116+117+118+122+123+124+125+126+127+128+129+130+131+133+141+142+144+145+146+148+161+162+163+164+165+166+167+168+169+170+171+179+184+186+187+189+190+191+193+194+195+198+202+262+263+267+268+284+285'},{'285+160+130+12+99+61+68+258+144+5+205+2+199+262+280+89+84'},490,324.71666666666664
4507281,O76039,KKIALRE,Homo sapiens,2096,{'13+20+22+24+25+27+39+40+41+42+59+60+61+64+69+70+71+72+73+75+77+79+86+88+89+90+91+92+94+95+109+117+118+120+122+123+125+126+127+131+133+134+135+136+137+138+139+140+141+142+150+152+153+154+155+157+171+172+173+174+175+176+177+178+179+180+181+188+193+195+196+198+199+200+202+203+207+211+212+213+272+273+277+278+282+292+294+295+296'},{'93+77+130+21+289+74+37+55+70+90+98+214+216+14+102+139+281+153+110+147+284+272+218+170+304'},436,283.1619047619048
7108631,Q8IVW4,KKIALRE,Homo sapiens,2105,{'4+11+13+15+16+18+30+31+33+50+51+54+59+61+63+65+76+79+80+82+84+85+99+108+112+115+116+117+123+124+125+127+128+129+130+132+140+143+144+145+160+161+162+163+164+165+166+167+168+169+170+178+183+185+186+188+189+190+192+193+197+201+261+262+266+267+271+283+284'},{'88+279+60+67+12+273+159+98+83+114+284+5+270+2+261+206'},490,330.18333333333334
4503097,P19784,CK2,Homo sapiens,2226,{'40+47+49+51+52+54+57+66+67+68+69+81+82+86+92+93+94+98+100+102+111+113+114+115+116+119+120+131+137+139+140+141+144+145+147+149+155+156+157+158+159+160+161+162+164+173+174+175+176+177+178+180+192+193+194+195+196+197+198+199+200+201+202+210+215+217+218+220+221+222+224+225+229+234+235+298+300+301+306+309+310+322+323+324'},{'238+176+289+53+146+321+318+87+300+206+39+303+297+38+64+121+100+115+131'},340,224.71666666666667
462203,P34947,GRK-I,Homo sapiens,2232,{'186+193+194+195+197+198+200+203+212+213+215+217+219+233+234+243+245+247+251+253+255+262+263+264+265+266+267+268+269+271+274+288+290+291+293+299+301+302+303+306+309+310+311+312+313+314+315+316+317+318+319+324+326+329+330+331+332+347+348+351+353+354+355+356+357+367+368+369+370+372+373+376+377+378+379+381+423+424+431+432+433'},{'441+286+338+457+305+254+199+257+315+329+462+481+321+300+270+427+284+218+285'},111,67.78333333333333
4506529,Q15835,GRK-I,Homo sapiens,2251,{'190+197+199+201+202+204+205+207+216+217+219+221+223+235+238+247+249+251+255+257+266+267+268+269+270+272+273+294+297+299+305+308+309+313+314+315+316+317+318+319+320+321+322+323+324+325+326+327+332+335+336+337+354+355+358+359+360+361+362+363+374+375+376+377+379+383+384+386+388+390+430+431+438'},{'434+328+187+428+367+258+192+464+188+321+203+262+335+291+432+370+436+274'},162,92.91666666666667
266423,Q00534,CDK4/CDK6,Homo sapiens,2259,{'13+20+22+24+25+27+40+41+42+43+60+61+62+64+65+73+74+75+76+77+79+81+83+95+96+98+99+100+101+103+104+119+127+128+130+132+133+135+136+137+141+143+144+145+146+147+148+149+150+152+153+159+160+161+162+163+164+165+166+167+179+180+181+182+183+184+185+186+187+188+189+196+201+202+203+204+206+207+208+210+211+215+219+220+221+275+276+280+281+285+295+297+298'},{'21+10+69+120+124+224+18+271+226+14+102+163+134+275+104+99+114+72+268'},435,279.1166666666667
1730068,P10398,Raf,Homo sapiens,2278,{'316+317+319+321+322+324+325+327+329+334+336+351+354+363+364+365+371+372+373+378+380+381+382+383+387+388+389+390+394+395+396+403+407+414+416+419+421+425+426+427+428+429+431+434+436+438+444+447+448+449+450+451+468+469+471+472+473+474+475+489+491+493+494+495+496+497+498+499+501+546+549+557+558+560+567'},{'309+386+439+447+555+332+568+408+398+402+548+418+304+556'},379,226.39848484848486
4885696,Q8TD19,NimA-relatted,Homo sapiens,2531,{'52+59+61+63+64+66+78+79+81+98+99+108+110+111+116+125+128+129+130+131+133+134+159+163+164+167+168+174+175+176+177+178+179+180+181+183+191+194+195+196+213+214+215+216+217+218+219+220+221+228+233+235+236+238+239+240+242+243+251+288+289'},{'95+82+209+109+194+252+92+290+120+84'},571,371.20000000000005
2316012,Q15759,ERK-II,Homo sapiens,2566,{'24+26+29+30+31+32+33+34+35+36+38+39+40+41+50+51+53+54+56+63+65+67+68+70+71+72+74+75+76+80+82+83+84+86+88+89+102+103+104+106+107+108+109+112+113+128+131+133+135+137+140+141+142+143+147+148+149+150+151+152+153+154+155+156+157+162+164+165+166+167+168+169+170+171+172+183+185+187+188+189+190+191+192+194+196+200+204+205+207+208+210+211+212+213+214+215+216+221+222+223+224+225+231+232+235+236+239+240+242+284+285+288+289+292+293+296+297+302+303+305+308'},{'160+230+112+101+178+124+177+227+301+168+237+125+161+163+294+319+283+81'},106,66.66666666666667
537327,P36888,Flk-1,Homo sapiens,2602,{'610+616+617+619+621+622+624+625+627+629+641+642+643+644+646+665+671+672+673+674+675+677+678+679+680+681+688+690+692+693+694+697+699+703+787+791+794+798+799+801+802+803+809+810+811+812+813+814+815+816+818+826+829+830+831+832+833+834+844+845+848+849+850+853+854+855+856+857+858+860+866+870+871+872+873+875+876+877+878+879+880+881+888+889+891+900+905+907+910+911+922+925+926+930+933+934+946'},{'608+786+909+604+648+672+800+929+949+692+835+862+611+916+917+803'},237,149.23095238095237
547915,P36507,MEK/Ste7,Homo sapiens,2617,{'79+81+82+83+84+86+87+99+101+118+127+129+131+133+134+135+137+145+146+147+148+150+153+155+158+165+168+178+180+181+183+184+185+190+191+192+193+194+196+197+198+199+200+201+202+203+209+212+213+214+215+222+229+230+232+233+234+236+247+249+250+251+252+253+254+255+256+257+346+349+357+368'},{'77+151+142+118+186+221+344+124+212+356+168+161+359+69+341+156'},276,183.71904761904764
125497,P00540,Mos,Homo sapiens,2752,{'60+67+69+74+85+87+103+106+114+116+139+140+145+175+184+189+193+199+200+201+203+204+206+208+216+219+220+221+241+242+245+248+249+256+261+262+263+264+267+270+271'},{'159+224+115+58+219+140+254+56'},709,450.42738095238093
1171248,Q8IVT5,KSR,Homo sapiens,2913,{'619+620+622+623+624+625+627+636+637+638+639+652+655+665+666+668+669+670+672+674+676+685+686+687+688+689+697+716+720+721+723+724+725+729+731+732+733+734+735+736+738+739+740+741+747+748+750+754+755+756+757+774+775+778+780+781+782+783+784+798+802+803+804+805+807+808+812+813+817+874+876+877'},{'786+818+794+774+617+607+614+635+667+716+700+878+649+875+742'},127,81.17857142857143
547777,P36897,Alk/Daf1,Homo sapiens,2920,{'205+211+212+214+216+217+219+229+230+231+232+242+245+249+256+258+260+262+264+266+279+280+281+282+283+285+286+308+312+313+315+316+317+329+330+331+332+333+334+335+337+338+339+340+341+347+348+349+351+352+353+354+373+374+375+377+378+379+380+381+382+383+384+395+399+400+401+402+404+405+409+410+414+452+471+474+475'},{'238+386+473+209+394+385+423+257+227+284+422+247+319+281+218+228+351+239'},195,126.43333333333334
18490925,Q8NER5,Alk/Daf1,Homo sapiens,2943,{'201+202+204+205+206+207+209+219+220+221+222+232+235+236+239+246+248+250+252+254+256+269+270+271+272+273+276+298+299+302+303+305+306+307+319+320+321+322+323+324+325+326+327+328+330+331+337+338+339+341+342+343+344+345+346+363+364+365+367+368+369+370+371+372+374+385+389+390+391+392+393+394+399+400+442+461+464+465'},{'309+208+384+217+375+376+247+356+237+229+218+228+199+463+341+271+274'},213,135.3
4758700,Q16644,MAPKAP,Homo sapiens,3031,{'39+51+53+55+56+58+66+71+73+95+97+100+104+117+118+119+120+123+124+129+130+140+153+154+157+158+162+164+165+166+168+169+170+171+173+174+184+186+187+188+189+191+192+203+204+205+206+207+208+209+210+211+212+219+222+224+226+227+229+230+231+233+234+235+238+280+281+284+285+301+302'},{'132+193+142+122+276+178+217+149+212+125+170+41'},151,91.31666666666669
4505811,P11309,PIM,Homo sapiens,3093,{'38+45+47+48+52+53+65+67+69+86+89+103+117+120+121+129+141+147+150+159+165+166+167+168+169+172+173+174+183+186+187+188+203+209+210+211+224+226+227+275+287'},{'108+76+128+142+200+277+202+171+181+262+141+153+131+283+70+35'},505,336.5051587301587
5139689,Q9UQ07,MAK,Homo sapiens,3157,{'4+11+13+15+16+18+30+31+33+49+50+51+60+61+62+79+82+83+85+88+118+120+126+127+128+130+131+133+134+135+142+145+146+147+148+150+163+164+165+169+170+171+179+184+186+187'},{'17+132+91+207+12+68+86+145+26'},732,479.3833333333333
4103971,Q9UEW8,Ste-20 related,Homo sapiens,3499,{'63+70+72+74+77+80+85+89+90+91+92+94+96+107+109+110+113+118+119+120+121+122+124+128+134+135+137+138+139+140+143+144+145+146+147+166+169+170+172+174+175+179+180+182+183+184+187+189+190+191+192+193+194+195+196+197+198+199+200+201+207+208+210+211+220+221+230+231+232+233+234+235+236+240+241+242+243+250+251+255+257+258+318+321+322+324+325+327+332+334+336'},{'132+175+97+104+251+178+222+61+210+330+245+165+64+203+321+87+202+148'},135,81.21785714285713
4826878,O95747,Ste-20 related,Homo sapiens,3500,{'17+24+26+28+31+43+44+46+48+63+72+73+74+82+89+93+129+134+136+137+138+143+144+145+146+148+150+151+152+153+161+164+165+174+188+189+194+195+196+204+209+211+212+272'},{'16+132+196+129+86+18+15+59+164+199+41+205'},232,141.41587301587302
125205,P17612,cAMP-I,Homo sapiens,3539,{'44+50+51+53+54+55+56+58+61+70+71+72+73+75+76+77+91+92+93+96+97+101+102+103+104+107+111+118+120+121+122+123+124+126+127+130+131+133+141+144+148+150+152+154+155+157+158+159+163+164+165+166+167+168+169+170+171+172+173+174+175+176+181+182+183+185+186+187+188+189+190+197+200+201+202+203+204+205+206+207+208+209+210+216+221+222+223+224+226+227+228+231+232+235+238+240+269+274+277+278+281+283+293+295+296+297'},{'108+113+76+128+204+122+277+45+171+265+42+268+87+162+185'},192,122.6797619047619
125210,P22694,cAMP-I,Homo sapiens,3540,{'44+51+53+55+56+58+61+70+71+72+73+75+77+91+92+93+96+97+101+102+103+104+105+107+111+118+120+121+122+123+124+126+127+129+130+133+141+144+147+148+150+152+154+155+157+158+159+163+165+166+167+168+169+170+171+172+173+174+176+181+182+183+185+186+187+189+197+198+200+201+202+203+204+205+207+208+209+216+221+222+223+224+226+227+228+231+232+235+238+240+246+269+273+274+277+278+281+283+293+295+296'},{'108+113+76+128+204+122+277+249+45+171+265+42+268+242+87+162+185+43'},199,124.51666666666668
1177044,P43403,SYK/ZAP70,Homo sapiens,3610,{'345+347+348+349+350+352+353+355+366+367+368+369+371+372+383+386+387+390+395+398+399+401+404+405+412+414+415+417+419+420+421+422+426+435+442+444+446+448+449+451+452+453+457+459+460+461+462+463+464+465+466+467+468+469+470+476+479+480+481+482+484+507+508+509+521+522+523+524+569+575+576+583+584+586'},{'585+453+582+343+394+567+365+454+381+379+581+574+382+559'},393,246.70079365079363
14041892,O60285,DICTY-I,Homo sapiens,3801,{'55+60+62+64+66+67+69+70+74+77+78+81+82+84+85+96+107+112+113+114+115+116+118+119+121+128+131+133+135+137+138+141+142+143+144+148+150+152+154+155+156+158+159+162+165+166+168+169+170+173+174+175+176+177+178+179+180+181+182+183+184+193+196+197+198+199+200+201+209+211+213+214+215+216+218+219+220+221+222+223+224+226+231+232+235+237+238+239+240+241+243+244+246+248+249+251+252+253+254+266+274+276+282+283+286+287+290+291+294+300+303+305+306'},{'93+94+292+105+254+59+257+278+146+56+152+142+154+196+233+188+139+182+272+298'},237,139.5206349206349
14346040,Q96QS6,DICTY-I,Homo sapiens,3802,{'63+69+70+72+74+77+85+90+92+94+96+108+112+117+118+119+120+127+128+134+135+136+137+138+139+142+143+144+145+146+147+149+157+159+160+166+170+171+173+174+175+179+181+182+183+184+185+186+187+188+189+190+201+202+204+205+206+207+208+223+224+225+226+228+230+231+232+243+244+245+246+247+249+250+251+253+254+255+256+257+258+261+262+281+286+289+290+293+294+295+302+304+308+314+315+317+319'},{'95+128+204+130+295+100+98+284+304+263+64+125+298+131+81+316+147'},69,54.2
16511401,Q8N165,DICTY-I,Homo sapiens,3817,{'8+14+15+17+19+20+22+34+35+37+39+41+71+74+75+88+90+91+92+93+101+102+103+116+119+120+121+122+124+125+126+127+128+129+130+131+138+141+147+148+151+152+154+155+156+160+162+163+164+165+166+167+168+169+170+171+187+188+190+191+192+194+217+219+220+221+222+223+224+226+227+228+229+230+238+239+241+242+243+244+245+246+248+251+253+255+256+280+282+283+284+287+295+296+299+301+307+309+310+311'},{'126+9+190+129+222+120+71+231+13+260+318+264+123+98+168+281+310+336+104+285'},166,108.9
19808110,Q8TDR2,DICTY-I,Homo sapiens,3843,{'202+209+211+213+216+229+231+235+265+285+286+287+288+297+312+315+316+317+320+321+322+323+324+325+327+334+337+348+350+351+352+356+358+359+360+361+362+363+364+365+367+378+379+381+382+383+384+385+416+417+418+419+421+423+424+425+426+435+436+438+439+441+442+443+445+448+450+452+453+477+480+492+495+502+504+505+506'},{'461+207+364+299+428+500+478+322+293+381+265+319+419+482+508+333+236+455'},165,106.48333333333332
125711,P12931,Src,Homo sapiens,3879,{'270+277+279+282+284+285+287+295+296+297+298+300+310+312+313+317+322+324+325+330+332+338+339+340+341+342+343+344+346+347+348+349+353+359+361+362+365+370+377+379+380+381+385+387+388+389+391+392+394+395+396+397+398+407+408+409+426+427+429+433+434+435+445+447+448+449+450+451+452+453+457+461+479+501+502+508+509+510+526'},{'334+479+527+418+323+476+513+356+407+505+399+507+508+416+351+283+268+308'},651,422.29802697302694
125870,P07947,Src,Homo sapiens,3880,{'277+284+286+287+288+289+291+292+294+302+303+304+305+317+319+320+324+329+331+332+335+337+339+345+346+347+348+349+351+353+354+355+356+360+366+368+369+372+376+377+379+384+386+387+388+392+394+395+396+397+398+399+400+401+402+403+404+405+411+414+415+416+418+434+436+440+441+442+452+453+454+455+456+457+458+459+460+463+464+468+486+505+508+509+513+515+516+517+519'},{'514+364+167+423+520+388+315+512+375+483+290+406+341+486+503+515+275+414+362+358+330'},655,424.3726190476191
125358,P09769,Src,Homo sapiens,3883,{'263+270+272+273+274+275+277+278+280+288+289+290+291+303+306+310+315+317+318+319+321+325+331+334+335+337+339+340+342+346+356+365+370+372+373+374+378+380+381+382+383+384+385+386+387+388+389+390+397+400+401+402+403+417+418+426+427+428+440+441+442+443+494+495+499+502+503+510'},{'514+492+305+316+344+327+37+276+400+361+411+153+350+498+500+506+513+374+501'},969,639.1071428571429
125480,P07948,Src,Homo sapiens,3884,{'4+254+256+258+259+261+262+264+272+273+274+275+287+289+290+291+294+299+301+302+305+307+309+316+317+319+320+322+324+325+326+327+331+337+339+340+343+348+355+357+358+359+363+365+366+367+369+372+374+375+382+385+386+387+388+389+404+405+407+411+412+413+414+421+423+426+427+428+429+430+431+434+435+438+439+457+479+480+486+487+488+490+504'},{'486+491+377+329+385+260+485+482+505+300+289+396+359+335'},469,310.57619047619045
2194103,P08631,Src,Homo sapiens,3930,{'269+271+272+273+274+276+277+287+288+289+290+302+305+309+314+317+330+331+333+334+338+340+341+355+362+364+369+373+377+379+380+381+382+383+384+385+386+387+388+389+396+399+400+401+416+417+426+427+439+441+442+493+494+502+504+510'},{'343+315+500+513+505+399+300+415+349+275'},589,376.73333333333335
4503787,P42685,Src,Homo sapiens,3937,{'234+241+243+246+248+251+259+260+261+262+274+277+281+286+289+296+304+306+307+309+311+313+314+318+328+335+337+342+344+345+346+350+352+353+354+356+357+359+361+362+363+369+372+373+374+392+393+402+403+415+416+417+418+469+470'},{'364+354+273+250+481+372+346+392+270+247+316+468'},703,453.70992063492065
5174647,Q13882,Src,Homo sapiens,3938,{'198+200+201+202+203+205+206+208+216+217+218+219+232+235+239+244+246+247+250+254+261+262+264+265+267+269+270+272+276+286+293+295+300+302+303+304+308+310+311+312+314+315+316+317+319+327+330+331+332+333+346+347+356+357+369+370+371+372+423+424+428+431+432+434+439+440'},{'204+439+278+427+411+185+330+346+429+304+274'},808,528.7892857142857
4574744,Q9Y243,Akt/Rac,Homo sapiens,3985,{'148+154+155+157+159+160+161+162+164+165+174+175+176+177+179+181+192+196+197+200+205+206+207+209+211+213+215+216+217+221+222+223+224+225+226+227+228+230+231+232+233+234+236+237+243+245+250+251+253+258+259+261+262+263+267+268+269+270+271+272+273+274+275+276+278+279+280+283+284+286+287+289+290+291+292+293+294+303+305+306+311+312+314+315+316+323+327+328+329+330+331+333+334+335+337+338+339+340+342+344+345+351+358+366+370+372+373+377+381+385+388+389+390+399+402+403+404+405+420'},{'246+282+398+289+189+311+295+260+219+245+240+384+149+226+429+352+232+356+350+147+275+372+182+319+322'},300,186.96547619047618
16755792,Q96NX5,No ann.,Homo sapiens,4055,{'23+29+30+32+33+34+35+37+39+45+46+49+50+51+52+54+55+67+68+69+72+77+78+79+80+81+83+86+87+94+96+97+98+99+100+102+103+105+106+109+115+117+120+121+124+126+130+131+133+134+135+139+140+141+142+143+144+145+146+147+148+149+150+151+152+160+161+162+164+165+166+167+168+169+177+179+180+181+182+183+187+188+189+190+194+196+201+202+203+204+206+207+208+210+211+212+215+253+257+258+261+262+265+274+275+279'},{'286+252+36+237+261+107+278+111+27+264+171+259+119+164+147+104+78+68+143+136+66+84'},172,110.43333333333334
3115220,P22612,cAMP-II,Homo sapiens,4119,{'44+50+51+53+55+56+58+61+70+71+72+73+75+77+91+92+93+96+97+101+102+103+104+107+118+120+121+122+123+124+126+127+130+133+141+144+147+148+150+152+154+155+157+158+159+163+165+166+167+168+169+171+172+173+174+175+176+182+183+185+186+187+188+197+198+199+200+201+202+203+205+207+208+209+216+221+223+224+226+227+228+231+232+235+238+239+274+277+278+281+293+295+296'},{'204+128+122+100+277+141+45+171+265+42+87+185'},210,132.18333333333334
23881,P28482,ERK/MAPK,Homo sapiens,4186,{'25+32+34+35+36+37+39+51+52+54+70+71+72+75+80+82+83+84+102+105+106+108+111+112+116+132+134+136+137+139+141+142+147+148+149+151+152+154+155+156+158+163+164+165+166+167+168+169+170+171+172+185+187+188+189+190+191+192+193+194+195+196+197+200+205+210+212+213+215+216+217+220+221+222+224+226+228+236+288+289+290+293+294+297+298+301+303+308+310+311+312'},{'336+288+186+109+314+106+100+303+20+305+235+291+162+81+33'},147,92.14444444444445
31221,P27361,ERK/MAPK,Homo sapiens,4187,{'42+49+51+52+53+54+56+68+69+70+71+72+73+87+88+89+92+97+98+99+101+119+123+124+125+128+129+133+140+142+146+148+149+151+153+156+157+158+159+164+165+166+167+168+169+171+172+173+175+180+181+182+183+184+185+186+187+188+189+202+204+205+206+207+208+209+210+211+212+213+214+217+222+226+227+229+230+232+233+234+236+237+239+243+244+247+305+306+310+311+314+315+317+318+320+324+325+327+328+329'},{'126+117+353+50+305+351+37+203+300+123+98+323+179+331+267+141+322+184+308'},127,77.43571428571427
1294779,Q16659,ERK/MAPK,Homo sapiens,4198,{'20+24+26+27+29+30+31+32+34+35+37+46+47+48+49+50+51+61+64+65+66+68+69+70+71+74+76+77+78+105+108+109+110+111+114+115+116+119+124+126+128+132+134+135+137+139+140+142+143+144+145+149+150+151+152+153+154+155+157+158+159+161+168+169+170+171+172+173+174+175+176+188+189+191+194+195+196+197+198+199+200+201+204+209+210+213+214+216+217+219+220+221+224+225+226+230+232+234+240+244+266+291+292+296+297+300+301+304+305+306+310+311+313+314+315+325+326'},{'93+126+309+190+112+237+120+75+127+324+294+22+303+171+15+164+163+291+239+109+73+258+392+246+288+308'},84,51.7
4505601,O75914,PAK/STE20,Homo sapiens,4288,{'48+158+277+287+294+295+297+298+309+310+312+325+328+337+339+341+354+357+358+360+363+393+394+400+401+402+404+405+407+408+409+417+420+421+422+439+443+444+445+446+447+448+454+459+461+464+518+522+531'},{'509+516+278+527+391+159+420+520+323+352+518+406+308+287'},487,319.6333333333333
6009759,Q9HC98,NimA-II,Homo sapiens,4699,{'45+52+54+55+56+57+59+60+71+72+74+92+93+97+102+103+104+119+122+123+125+127+128+160+162+164+170+171+172+174+175+177+179+187+190+191+192+195+209+210+211+213+214+215+216+217+224+229+231+232+234+235+239+240+286+293'},{'126+190+123+117+221+295+172+114+58+161+44+289+89'},601,388.95
3560543,Q9UIK4,TRAD,Homo sapiens,4709,{'23+29+30+32+34+35+36+37+49+50+51+52+54+56+70+74+75+78+83+84+85+87+89+93+94+95+99+100+103+104+105+108+109+111+112+114+121+123+128+129+130+131+136+139+140+141+145+146+147+148+149+150+151+152+153+154+156+158+161+167+168+169+171+172+173+174+176+184+185+186+192+193+195+196+197+203+207+208+209+211+212+214+216+218+219+220+221+230+231+239+249+257+262+270+273+275+279+280+282+283+284+285+309+313+321'},{'230+135+20+183+21+125+202+69+113+207+248+278+159+124+260+245+28+27+269+70+256+177+249+171+234+153+247+110+104+24+48+72'},258,172.06666666666666
682745,P49840,GSK3-II,Homo sapiens,4745,{'119+126+128+129+131+133+136+145+146+148+157+159+160+169+171+192+195+196+201+218+227+236+242+244+246+247+249+251+260+263+264+265+281+282+287+288+289+297+302+304+305+307+391+408'},{'405+385+404+143+296+263+168'},516,340.95952380952383
12652981,P49841,GSK3-II,Homo sapiens,4765,{'56+63+65+67+68+70+71+82+83+85+96+97+98+106+107+108+109+110+114+116+128+129+131+132+133+134+135+137+138+156+164+166+168+169+171+172+173+177+179+180+181+182+183+184+185+186+188+197+198+200+201+202+215+216+217+218+219+220+221+222+223+224+225+226+234+239+240+241+242+244+245+246+248+249+253+257+315+316+320+321+330+331+336+337+338'},{'190+12+233+200+80+260+105+268+333+312+322+341+137'},531,337.5428571428571
4502745,P49336,CDK8,Homo sapiens,4891,{'28+30+32+35+36+49+50+52+65+66+71+75+77+78+79+98+99+103+104+134+135+138+141+143+149+150+151+153+154+156+157+158+170+173+174+175+177+195+197+199+200+201+202+203+205+216+218+232+288+292+319+320'},{'266+231+48+98+45+72+165+253+55+137'},72,51.34166666666667
12407081,Q76MJ5,IRE1-II,Homo sapiens,4927,{'20+261+529+530+531+532+534+546+547+548+558+560+561+562+571+573+575+577+588+592+594+597+611+620+625+627+628+629+635+636+637+638+639+640+642+643+657+660+661+662+682+683+686+687+688+689+690+700+705+707+708+710+761+766+778+779'},{'684+569+756+698+581+613+660+600'},366,234.552380952381
442390,Q16288,Trk/ROR,Homo sapiens,5237,{'538+544+545+547+549+550+552+553+554+555+570+571+572+588+597+598+599+600+603+605+607+608+615+616+617+618+622+623+625+664+666+667+669+670+671+675+677+678+679+680+681+682+683+684+686+688+694+695+697+698+699+701+702+730+732+736+737+739+740+744+750+751+752+753+754+755+757+758+759+761+762+770+771+785+786+799+803+806+807+811+814+815+821'},{'798+810+819+598+609+703+588+590+781+801+750+543+790+697+546'},462,295.2003968253968
1006668,Q92734,Trk/ROR,Homo sapiens,5240,{'538+544+545+547+549+550+552+553+554+555+570+571+572+588+597+598+599+600+603+605+607+608+615+616+617+618+622+623+625+664+666+667+669+670+671+675+677+678+679+680+681+682+683+684+686+688+694+695+697+698+699+701+702+730+732+736+737+739+740+744+750+751+752+753+754+755+757+758+759+761+762+770+771+785+786+799+803+806+807+811+814+815+821'},{''},462,295.2003968253968
5031927,O15146,Trk/ROR,Homo sapiens,5247,{'575+582+584+586+587+589+590+606+607+609+623+626+630+635+637+638+639+641+643+655+656+661+699+708+713+715+717+721+723+724+725+726+727+728+729+730+732+733+740+743+744+745+746+768+769+771+772+785+786+787+788+789+791+793+794'},{'701+634+580+782+576+656+622+583+718+632'},703,441.96785714285716
29891,P07332,Fes,Homo sapiens,5297,{'46+57+58+126+135+183+184+190+207+230+248+260+263+316+329+338+346+348+353+356+360+366+369+429+449+464+466+469+470+499+505+506+516+622+631'},{'126+469+490+315+329+450+55+349+341+342+232+247+134+43+498+516+362+337+258+472+229+136+66+316'},334,209.84642857142856
1161364,P42681,Tec/Atk,Homo sapiens,5327,{'271+278+280+283+285+288+296+297+298+299+311+313+314+318+323+325+326+329+331+333+340+341+343+344+346+348+349+350+351+355+360+362+363+371+373+378+380+381+382+386+388+389+390+391+392+393+395+396+397+398+399+405+408+409+410+411+428+430+434+435+436+446+447+448+449+450+451+452+453+454+457+458+480+502+503+509+510+511+513'},{'309+357+276+481+365+408+515+382+347+477+270+310+289+505+508+313+379+308'},567,381.1154761904762
3413906,Q6XUX3,Tec/Atk,Homo sapiens,5331,{'652+659+661+663+664+666+667+669+672+678+679+680+681+695+698+702+707+709+710+711+713+715+717+728+729+731+733+735+736+737+738+742+747+751+754+755+757+758+764+765+767+768+769+773+774+775+776+777+778+779+780+781+782+783+784+785+786+792+793+795+796+797+798+799+800+813+814+816+819+828+829+830+831+832+833+834+835+836+837+839+840+849+852+870+888+889+893+895+896+897+899+912'},{'763+708+657+886+826+786+872+892+850+712+890+740+853+752+878+693+670+880+802'},99,65.33333333333333
4502435,P51813,Tec/Atk,Homo sapiens,5332,{'424+426+427+428+429+431+432+434+442+443+444+445+457+460+464+469+470+471+472+473+475+477+478+479+486+487+488+489+490+492+494+495+496+497+501+516+517+519+524+526+527+528+532+534+535+536+537+538+539+540+541+542+543+544+545+551+554+555+556+576+581+582+593+594+595+596+597+598+599+603+604+612+630+646+648+649+656+657+659'},{'456+547+651+528+460+411+554+454+515+422+614+654+455+522'},478,316.8833333333333
729887,P41240,Csk,Homo sapiens,5360,{'195+202+204+206+207+209+210+219+220+221+222+233+236+240+245+247+248+253+255+266+267+272+288+297+302+304+305+306+310+312+313+314+315+316+317+318+319+321+322+329+332+333+334+352+353+355+356+369+370+371+372+373+377+378'},{'208+344+360+303+332+194+213+406+267+289+300+257+205'},711,442.2630952380952
10441415,O43781,HIK,Homo sapiens,5413,{'209+216+218+220+221+223+235+236+238+252+253+254+268+270+271+274+276+285+288+289+291+293+294+309+317+318+320+322+323+325+327+333+334+335+336+337+338+340+342+351+352+353+355+356+357+358+369+370+371+372+373+374+375+376+377+378+379+386+391+393+394+396+397+398+400+401+402+405+409+410+411+497+498+502+503+507+517+519+520'},{'412+276+492+506+339+258+297+497+355+413+294+289+33'},373,240.57619047619048
1430822,O00506,KFC,Homo sapiens,5430,{'20+27+29+31+32+34+46+47+49+65+66+67+70+75+76+77+83+92+95+96+97+98+100+101+123+128+130+131+132+136+138+139+140+141+142+143+144+145+147+155+158+159+160+175+176+177+178+179+180+181+182+183+184+185+192+197+199+200+202+203+204+207+208+211+250+251+255+267+268'},{'17+62+129+61+263+140+254+59+74+33+248+193+158+212+245+18+39+153+134+150+44'},604,382.01904761904757
12053281,Q9H093,Kin2,Homo sapiens,5466,{'53+54+56+58+60+62+63+64+65+66+67+69+70+72+74+75+78+79+80+81+82+83+84+98+99+100+101+104+105+109+110+111+112+113+117+118+121+123+125+126+128+129+130+132+134+135+136+137+138+139+140+141+144+149+150+151+152+153+155+156+157+158+159+160+162+163+165+166+167+168+170+171+172+173+174+175+176+177+178+179+180+181+182+183+184+187+188+189+190+191+193+194+195+196+197+198+206+207+208+210+211+212+213+214+217+218+219+220+221+223+224+228+229+231+232+233+234+235+236+237+238+239+240+241+243+244+246+249+259+263+269+297+300+302+316'},{'91+151+57+130+179+193+295+149+315+86+143+296+102+139+269+54+120+275'},81,55.0
35497,P05129,PKC,Homo sapiens,5580,{'351+357+358+360+362+363+364+365+367+368+369+377+378+379+380+382+384+395+399+400+403+414+415+416+417+418+420+422+424+425+426+430+431+432+433+434+435+436+439+440+441+442+443+445+446+452+454+459+460+467+468+470+471+472+476+477+478+479+480+481+482+483+484+485+487+488+489+492+493+495+496+498+499+500+501+502+503+512+514+515+521+523+524+525+532+536+537+538+539+540+542+543+544+546+547+548+549+551+553+554+566+567+575+582+589+590+594+597+608+611+612+613+614+629+630+633'},{'491+441+504+394+428+569+454+484+375+581+605+562+390+350+374+498+556'},307,190.5218253968254
35501,Q05513,PKC,Homo sapiens,5581,{'252+258+259+261+263+264+265+266+278+279+281+285+300+304+309+310+311+312+316+320+321+326+327+329+330+331+332+335+336+338+339+341+348+350+353+354+355+356+357+358+360+363+364+366+367+368+373+374+375+376+377+378+379+380+381+382+383+384+385+388+391+392+394+395+396+397+399+408+410+416+417+419+420+421+428+432+433+434+435+436+438+439+440+442+443+444+445+463+464+470+478+484+489+492+493+500+501+502+512+513+515+517'},{'527+286+499+305+380+496+511+351+579+394+555+369+400+253+251+426+350+427+337+464+331+472+463+387+589'},408,271.9190476190476
1000127,Q16512,PKC,Homo sapiens,5595,{'615+621+622+624+626+627+628+629+641+642+643+644+646+648+663+664+667+675+676+677+679+681+685+686+691+692+694+695+696+697+700+701+703+706+707+712+714+718+719+720+722+724+727+728+730+731+732+736+737+738+739+740+742+743+745+747+748+749+752+753+755+756+758+759+760+761+762+763+772+774+775+781+782+783+784+785+786+792+796+797+798+799+800+802+803+806+807+808+809+811+813+814+827+835+842+849+850+857+858+859+871+872+873+874+889+893'},{'710+696+689+639+934+751+702+758+714+613+911+733+614+744+789+764+936+841+825+812+633+855'},364,221.65238095238095
1906312,Q13237,PKC,Homo sapiens,5600,{'453+460+462+463+464+465+467+470+479+480+482+498+500+501+502+505+510+512+513+516+527+529+530+531+535+536+564+566+568+574+575+576+577+578+579+581+583+591+594+595+596+612+613+614+617+618+619+620+621+627+632+634+635'},{'506+761+454+615+496+507+628+594+522'},672,440.7023809523809
8101954,O14936,CaMK-II,Homo sapiens,5712,{'12+19+21+24+26+34+39+41+43+45+62+66+71+72+73+74+82+88+91+92+93+94+96+97+98+99+100+101+102+103+115+118+126+129+131+132+133+137+139+140+141+142+143+144+145+146+148+162+163+164+166+180+181+182+183+184+185+187+188+201+203+204+206+207+208+210+212+213+215+218+219+242+246+249+250+251+260+264+266+271+273+275'},{'95+9+76+79+13+269+260+92+263+247+10+134+251+33'},151,100.43333333333334
17933259,Q8WTQ7,GRK-II,Homo sapiens,5761,{'191+198+200+202+203+205+217+218+220+224+238+239+240+250+252+254+256+258+259+266+267+268+269+271+273+274+280+288+290+299+307+308+314+315+316+318+319+321+323+324+325+331+332+334+335+336+338+339+351+352+353+354+355+356+357+359+360+362+368+373+374+375+376+378+379+380+382+383+384+385+387+391+425+426+431+435+452+453'},{'309+334+364+244+289+320+340+223+241+410+188+259+436+275+204+421+425+326+422+463'},139,83.39999999999999
12002201,O94921,CDK2,Homo sapiens,5815,{'135+136+137+141+142+144+145+146+149+150+152+157+161+162+163+164+165+177+180+181+182+185+186+190+191+192+193+194+196+199+206+208+209+210+211+212+213+215+217+221+230+234+235+237+239+244+246+247+248+250+253+254+255+256+257+258+259+260+261+263+265+268+271+273+274+275+276+277+278+279+290+292+294+295+296+300+301+302+303+304+305+309+310+314+315+316+317+319+320+321+322+323+324+325+329+330+342+343+345+349+357+358+371+374+375+378+381+395+396+400+401'},{'133+222+355+340+354+343+231+394+369+269+256+431+139+291+274+421+337+143+136+266+308'},79,53.41666666666667
12698075,Q9C098,cAMP-III,Homo sapiens,5869,{'356+363+365+367+370+373+378+379+382+383+385+387+389+401+402+403+406+411+412+413+414+417+420+428+430+431+432+433+436+437+438+439+440+443+451+454+458+460+464+465+468+469+475+476+477+478+479+480+481+482+483+484+485+495+496+499+500+501+502+503+504+512+514+516+517+521+522+523+525+533+535+536+537+538+539+540+541+542+543+545+546+612'},{'364+441+527+353+499+419+388+481+438+470+432+445+377+426+453+397+614+357+422+424+533'},168,111.16666666666666
19684095,Q8TAS1,KIS,Homo sapiens,6052,{'23+30+32+34+35+37+51+52+54+56+58+76+86+87+88+94+96+107+108+109+111+112+118+119+121+135+137+138+140+141+145+146+149+150+153+154+155+156+157+158+159+160+161+162+163+164+165+172+174+177+178+179+180+182+191+193+194+195+197+198+199+200+201+219+220+225+226+227+229+230+233+234+235+236+238+240+264+284+289+292+301'},{'288+177+115+287+171+188+144+195+218+203+184+70+120+152'},96,63.14999999999999
5360131,Q9NWZ3,No ann.,Homo sapiens,6708,{'180+193+195+197+198+200+201+202+210+211+213+237+240+242+243+244+248+250+251+259+261+262+263+268+270+291+293+298+299+301+302+303+307+308+309+310+311+313+314+316+318+319+320+326+327+329+330+331+333+334+351+354+355+357+358+359+360+367+369+370+371+372+373+374+375+378+379+380+398+406+413+414+433+436+437+444+445+452+453'},{'412+439+398+401+257+321+406+405+411+404+402+446+247+456+194+182+272+407+243+304'},600,396.9166666666667
1813646,Q99759,p21,Homo sapiens,6870,{'362+368+369+371+373+374+376+377+388+389+391+412+416+421+422+423+425+427+443+444+445+446+448+449+451+455+471+474+476+477+479+480+481+485+487+488+489+491+492+494+495+496+504+505+507+508+509+529+530+533+534+536+549+550+551+552+554+603+610'},{'410+453+412+606+422+489+475+387+507+498'},1035,674.7952380952381
7542557,Q9Y2U5,p21,Homo sapiens,6878,{'356+363+365+368+370+371+382+383+385+406+415+416+417+421+437+438+442+465+468+473+475+481+482+483+485+486+488+489+490+498+501+502+503+523+527+530+543+545+546+548'},{'469+438+404+381+483+416+501'},1036,679.4785714285714
17382019,Q96PN8,No ann.,Homo sapiens,6984,{'17+19+21+22+24+36+37+39+58+67+69+88+89+94+117+124+125+126+132+133+134+136+137+139+141+148+151+152+153+165+168+169+170+171+172+187+192+194+195+197+198+201+202'},{'151+138+187+92+42+164+247+18+120+66'},940,616.7857142857142
18097867,Q6SA08,No ann.,Homo sapiens,6985,{'25+32+34+39+52+54+73+85+102+103+108+131+136+140+144+146+147+148+150+151+153+155+163+166+167+168+194+197+199+200+201+216+223+226+227+230'},{'109+21+166+26+152'},610,386.24285714285713
